<ImportExportXml version="7.0.0001.0202" SolutionPackageVersion="7.0" languagecode="1033" generatedBy="OnPremise" xmlns:xsi="http://www.w3.org/2001/XMLSchema-instance">
  <SolutionManifest>
    <UniqueName>MicrosoftXrmPortals</UniqueName>
    <LocalizedNames>
      <LocalizedName description="Microsoft xRM Portals" languagecode="1033" />
    </LocalizedNames>
    <Descriptions>
      <Description description="Microsoft xRM Portals" languagecode="1033" />
    </Descriptions>
    <Version>1.0.0006</Version>
    <Managed>1</Managed>
    <Publisher>
      <UniqueName>microsoftdynamicslabs</UniqueName>
      <LocalizedNames>
        <LocalizedName description="Microsoft Dynamics Labs" languagecode="1033" />
      </LocalizedNames>
      <Descriptions>
        <Description description="Microsoft Dynamics Labs" languagecode="1033" />
      </Descriptions>
      <EMailAddress>dynlabs@microsoft.com</EMailAddress>
      <SupportingWebsiteUrl>http://social.microsoft.com/Forums/en-US/crmlabs/threads</SupportingWebsiteUrl>
      <CustomizationPrefix>adx</CustomizationPrefix>
      <CustomizationOptionValuePrefix>10000</CustomizationOptionValuePrefix>
      <Addresses>
        <Address>
          <AddressNumber>1</AddressNumber>
          <AddressTypeCode>1</AddressTypeCode>
          <City>Redmond</City>
          <County xsi:nil="true"></County>
          <Country>United States</Country>
          <Fax xsi:nil="true"></Fax>
          <FreightTermsCode xsi:nil="true"></FreightTermsCode>
          <ImportSequenceNumber xsi:nil="true"></ImportSequenceNumber>
          <Latitude xsi:nil="true"></Latitude>
          <Line1>One Microsoft Way</Line1>
          <Line2 xsi:nil="true"></Line2>
          <Line3 xsi:nil="true"></Line3>
          <Longitude xsi:nil="true"></Longitude>
          <Name xsi:nil="true"></Name>
          <PostalCode>98052</PostalCode>
          <PostOfficeBox xsi:nil="true"></PostOfficeBox>
          <PrimaryContactName xsi:nil="true"></PrimaryContactName>
          <ShippingMethodCode>1</ShippingMethodCode>
          <StateOrProvince>WA</StateOrProvince>
          <Telephone1>800-642-7676</Telephone1>
          <Telephone2 xsi:nil="true"></Telephone2>
          <Telephone3 xsi:nil="true"></Telephone3>
          <TimeZoneRuleVersionNumber xsi:nil="true"></TimeZoneRuleVersionNumber>
          <UPSZone xsi:nil="true"></UPSZone>
          <UTCOffset xsi:nil="true"></UTCOffset>
          <UTCConversionTimeZoneCode xsi:nil="true"></UTCConversionTimeZoneCode>
        </Address>
        <Address>
          <AddressNumber>2</AddressNumber>
          <AddressTypeCode>1</AddressTypeCode>
          <City xsi:nil="true"></City>
          <County xsi:nil="true"></County>
          <Country xsi:nil="true"></Country>
          <Fax xsi:nil="true"></Fax>
          <FreightTermsCode xsi:nil="true"></FreightTermsCode>
          <ImportSequenceNumber xsi:nil="true"></ImportSequenceNumber>
          <Latitude xsi:nil="true"></Latitude>
          <Line1 xsi:nil="true"></Line1>
          <Line2 xsi:nil="true"></Line2>
          <Line3 xsi:nil="true"></Line3>
          <Longitude xsi:nil="true"></Longitude>
          <Name xsi:nil="true"></Name>
          <PostalCode xsi:nil="true"></PostalCode>
          <PostOfficeBox xsi:nil="true"></PostOfficeBox>
          <PrimaryContactName xsi:nil="true"></PrimaryContactName>
          <ShippingMethodCode>1</ShippingMethodCode>
          <StateOrProvince xsi:nil="true"></StateOrProvince>
          <Telephone1 xsi:nil="true"></Telephone1>
          <Telephone2 xsi:nil="true"></Telephone2>
          <Telephone3 xsi:nil="true"></Telephone3>
          <TimeZoneRuleVersionNumber xsi:nil="true"></TimeZoneRuleVersionNumber>
          <UPSZone xsi:nil="true"></UPSZone>
          <UTCOffset xsi:nil="true"></UTCOffset>
          <UTCConversionTimeZoneCode xsi:nil="true"></UTCConversionTimeZoneCode>
        </Address>
      </Addresses>
    </Publisher>
    <RootComponents>
      <RootComponent type="1" schemaName="adx_contentsnippet" />
      <RootComponent type="1" schemaName="adx_pagetemplate" />
      <RootComponent type="1" schemaName="adx_sitemarker" />
      <RootComponent type="1" schemaName="adx_sitesetting" />
      <RootComponent type="1" schemaName="adx_webfile" />
      <RootComponent type="1" schemaName="adx_weblink" />
      <RootComponent type="1" schemaName="adx_weblinkset" />
      <RootComponent type="1" schemaName="adx_webnotificationurl" />
      <RootComponent type="1" schemaName="adx_webpage" />
      <RootComponent type="1" schemaName="adx_webrole" />
      <RootComponent type="1" schemaName="adx_website" />
      <RootComponent type="1" schemaName="contact" />
      <RootComponent type="50" schemaName=":RibbonDiffXml" />
      <RootComponent type="61" schemaName="adx_contact_main_library.js" />
      <RootComponent type="61" schemaName="adx_contact_ribbon.js" />
      <RootComponent type="61" schemaName="Adx_webpage_main_library.js" />
      <RootComponent type="61" schemaName="Icon_Adx_contentsnippet_Small" />
      <RootComponent type="61" schemaName="Icon_Adx_pagetemplate_Small" />
      <RootComponent type="61" schemaName="Icon_Adx_sitemarker_Small" />
      <RootComponent type="61" schemaName="Icon_Adx_sitesetting_Small" />
      <RootComponent type="61" schemaName="Icon_Adx_webfile_Small" />
      <RootComponent type="61" schemaName="Icon_Adx_weblinkset_Small" />
      <RootComponent type="61" schemaName="Icon_Adx_weblink_Small" />
      <RootComponent type="61" schemaName="Icon_Adx_webpage_Small" />
      <RootComponent type="61" schemaName="Icon_Adx_webrole_Small" />
      <RootComponent type="61" schemaName="Icon_Adx_website_Small" />
      <RootComponent type="61" schemaName="msa_Adx_icon_webfile_small" />
      <RootComponent type="61" schemaName="msa_adx_pagetemplate_medium" />
      <RootComponent type="61" schemaName="msa_adx_pagetemplate_small" />
      <RootComponent type="61" schemaName="msa_adx_sitemarker_medium" />
      <RootComponent type="61" schemaName="msa_adx_Sitemarker_small" />
      <RootComponent type="61" schemaName="msa_adx_Sitesetting_medium" />
      <RootComponent type="61" schemaName="msa_adx_weblinkset_small" />
      <RootComponent type="61" schemaName="msa_adx_weblink_small" />
      <RootComponent type="61" schemaName="msa_adx_webnotificationurl_medium" />
      <RootComponent type="61" schemaName="msa_adx_webnotificationurl_small" />
      <RootComponent type="61" schemaName="msa_adx_webpage_medium" />
      <RootComponent type="61" schemaName="msa_adx_webrole_small" />
      <RootComponent type="61" schemaName="msa_icon_adx_webpage_small" />
      <RootComponent type="61" schemaName="msa_icon_contentsnippet_medium" />
      <RootComponent type="61" schemaName="msa_icon_webfile_medium" />
      <RootComponent type="61" schemaName="msa_icon_weblink_medium" />
      <RootComponent type="61" schemaName="msa_icon_webpage_medium" />
      <RootComponent type="61" schemaName="msa_icon_webrole_medium" />
      <RootComponent type="62" />
      <RootComponent type="91" schemaName="Microsoft.Xrm.Portal.Plugins, Version=1.0.0.0, Culture=neutral, PublicKeyToken=ace90226af8624d4" />
      <RootComponent type="92" id="{3d891fe3-e392-e111-ad17-00155d03a708}" />
      <RootComponent type="92" id="{b553df11-e492-e111-ad17-00155d03a708}" />
      <RootComponent type="92" id="{b958bbfd-e392-e111-ad17-00155d03a708}" />
      <RootComponent type="92" id="{d53a020a-e492-e111-ad17-00155d03a708}" />
      <RootComponent type="92" id="{dc76c3eb-e392-e111-ad17-00155d03a708}" />
      <RootComponent type="92" id="{f0b3d0f1-e392-e111-ad17-00155d03a708}" />
      <RootComponent type="92" id="{f560bc03-e492-e111-ad17-00155d03a708}" />
    </RootComponents>
    <MissingDependencies>
      <MissingDependency>
        <Required key="0" type="1" schemaName="list" displayName="Marketing List" solution="System" />
        <Dependent key="1" type="10" schemaName="adx_website_list" displayName="adx_website_list" parentSchemaName="adx_website" parentDisplayName="Website" />
      </MissingDependency>
      <MissingDependency>
        <Required key="2" type="1" schemaName="subject" displayName="Subject" solution="System" />
        <Dependent key="3" type="10" schemaName="adx_subject_webpage" displayName="adx_subject_webpage" parentSchemaName="adx_webpage" parentDisplayName="Web Page" />
      </MissingDependency>
      <MissingDependency>
        <Required key="4" type="1" schemaName="account" displayName="Account" solution="System" />
        <Dependent key="5" type="10" schemaName="adx_website_sponsor" displayName="adx_website_sponsor" parentSchemaName="adx_website" parentDisplayName="Website" />
      </MissingDependency>
      <MissingDependency>
        <Required key="2" type="1" schemaName="subject" displayName="Subject" solution="System" />
        <Dependent key="6" type="10" schemaName="adx_subject_webfile" displayName="adx_subject_webfile" parentSchemaName="adx_webfile" parentDisplayName="Web File" />
      </MissingDependency>
      <MissingDependency>
        <Required key="7" type="26" schemaName="Active Services" displayName="Active Services" parentSchemaName="service" parentDisplayName="Service" solution="System" id="{2bd4de5e-a7b4-4f5d-8fde-eb3b62d8e2b2}" />
        <Dependent key="8" type="60" displayName="Information" parentDisplayName="Contact" id="{894cc46a-b0cb-4ab0-8bf6-200544e46a2d}" />
      </MissingDependency>
      <MissingDependency>
        <Required key="9" type="26" schemaName="Subject Lookup View" displayName="Subject Lookup View" parentSchemaName="subject" parentDisplayName="Subject" solution="System" id="{fa1a7ef7-53e4-40a6-97d2-5935adaf1277}" />
        <Dependent key="10" type="60" displayName="Information" parentDisplayName="Web Page" id="{007c799c-a87f-4471-b00b-bf7555a0f85d}" />
      </MissingDependency>
      <MissingDependency>
        <Required key="11" type="26" schemaName="All Subjects" displayName="All Subjects" parentSchemaName="subject" parentDisplayName="Subject" solution="System" id="{796024e0-4525-4dfe-a23f-6b3b6000099d}" />
        <Dependent key="10" type="60" displayName="Information" parentDisplayName="Web Page" id="{007c799c-a87f-4471-b00b-bf7555a0f85d}" />
      </MissingDependency>
    </MissingDependencies>
  </SolutionManifest>
</ImportExportXml>